City_ID,City,Lat,Lng,Max Temp,Humidity,Cloudiness,Wind Speed,Country,Date
0,mili,6.0815,171.735,81.79,77,99,18.14,MH,1707079696
1,albany,42.6001,-73.9662,40.8,52,1,1.99,US,1707079016
2,edinburgh of the seven seas,-37.0676,-12.3116,60.85,76,70,18.79,SH,1707079696
3,kirov,58.5966,49.6601,10.58,95,100,10.0,RU,1707079697
4,alvorada,-12.48,-49.1247,78.48,84,100,2.77,BR,1707079697
5,waitangi,-43.9535,-176.5597,65.82,83,35,1.99,NZ,1707079697
6,iqaluit,63.7506,-68.5145,-4.27,77,100,8.05,CA,1707079697
7,ylitornio,66.3089,23.6773,17.56,95,99,6.51,FI,1707079697
8,kikvidze,50.7416,43.0518,34.57,88,100,13.09,RU,1707079697
9,puerto natales,-51.7236,-72.4875,73.85,35,75,32.21,CL,1707079698
10,west island,-12.1568,96.8225,82.38,78,100,9.22,CC,1707079698
11,kavieng,-2.5744,150.7967,83.59,77,96,5.77,PG,1707079698
12,blackmans bay,-43.0167,147.3167,56.73,96,29,4.0,AU,1707079698
13,utrik,11.2278,169.8474,78.64,73,58,16.06,MH,1707079699
14,lompoc,34.6391,-120.4579,56.01,93,100,28.77,US,1707079699
15,adamstown,-25.066,-130.1015,76.98,79,98,10.07,PN,1707079699
16,port-aux-francais,-49.35,70.2167,41.25,72,10,19.53,TF,1707079699
17,sao vicente,-23.9631,-46.3919,79.27,59,75,6.91,BR,1707079700
18,port alfred,-33.5906,26.891,74.01,84,98,8.46,ZA,1707079700
19,biryusinsk,55.9634,97.8235,8.01,92,100,3.91,RU,1707079701
20,palmer,42.1584,-72.3287,44.62,37,0,5.75,US,1707079552
21,hadibu,12.65,54.0333,77.5,73,25,10.76,YE,1707079702
22,ballito,-29.539,31.2144,75.34,88,75,6.91,ZA,1707079566
23,xining,36.6167,101.7667,9.88,78,1,2.77,CN,1707079702
24,soio,-6.1349,12.3689,80.56,80,80,6.93,AO,1707079702
25,wailua homesteads,22.0669,-159.378,72.75,67,75,19.57,US,1707079702
26,luderitz,-26.6481,15.1594,66.42,85,5,8.61,NA,1707079702
27,hengchun,22.0042,120.7439,74.68,83,10,4.09,TW,1707079703
28,acajutla,13.5928,-89.8275,84.69,65,35,14.07,SV,1707079703
29,invercargill,-46.4,168.35,58.01,98,79,7.0,NZ,1707079703
30,thompson,55.7435,-97.8558,24.96,93,100,9.22,CA,1707079703
31,longyearbyen,78.2186,15.6401,30.04,80,75,29.93,SJ,1707079703
32,port mathurin,-19.6833,63.4167,78.64,72,86,14.41,MU,1707079703
33,galliano,29.4422,-90.2992,70.0,44,0,16.64,US,1707079704
34,kalymnos,36.95,26.9833,54.93,71,20,4.61,GR,1707079704
35,boquira,-12.8231,-42.7306,78.49,59,39,4.03,BR,1707079704
36,st. john's,47.5649,-52.7093,35.15,97,100,24.16,CA,1707079553
37,constantia,44.1833,28.65,41.7,81,100,11.97,RO,1707079705
38,vorgashor,67.5833,63.95,2.39,92,100,0.96,RU,1707079705
39,yellowknife,62.456,-114.3525,-1.71,81,20,5.75,CA,1707079705
40,ilulissat,69.2167,-51.1,-5.78,54,7,6.91,GL,1707079705
41,akureyri,65.6835,-18.0878,6.73,85,0,2.3,IS,1707079706
42,ushuaia,-54.8,-68.3,60.46,63,40,5.75,AR,1707079706
43,afaahiti,-17.75,-149.2833,84.07,85,99,15.3,PF,1707079706
44,lhasa,29.65,91.1,32.0,23,14,9.22,CN,1707079706
45,nova sintra,14.8667,-24.7167,70.29,71,0,9.04,CV,1707079706
46,grytviken,-54.2811,-36.5092,37.8,70,14,12.59,GS,1707079706
47,anadyr,64.75,177.4833,5.5,61,100,13.42,RU,1707079706
48,tiksi,71.6872,128.8694,-28.23,100,95,1.01,RU,1707079707
49,saipan,15.1355,145.701,79.5,69,40,18.41,MP,1707079707
50,elmali,36.7358,29.9177,38.73,71,100,4.7,TR,1707079630
51,rongelap,11.1635,166.8941,79.36,73,100,17.74,MH,1707079707
52,stanley,54.868,-1.6985,53.28,80,75,28.77,GB,1707079430
53,vanimo,-2.6741,141.3028,78.17,91,100,5.7,PG,1707079708
54,petropavlovsk-kamchatsky,53.0452,158.6483,7.45,81,20,7.0,RU,1707079708
55,udachny,66.4167,112.4,-24.99,96,67,5.23,RU,1707079708
56,san luis de la loma,17.2706,-100.8939,83.21,51,0,12.75,MX,1707079708
57,sarandi del yi,-33.35,-55.6333,93.58,25,8,15.14,UY,1707079708
58,avarua,-21.2078,-159.775,86.05,70,20,5.75,CK,1707079709
59,geraldton,-28.7667,114.6,59.41,82,16,12.66,AU,1707079709
60,plainview,40.7765,-73.4673,46.74,43,0,13.8,US,1707079709
61,papatowai,-46.5619,169.4708,58.86,95,99,6.64,NZ,1707079709
62,lewistown,40.5992,-77.5714,52.61,65,0,0.0,US,1707079709
63,susuman,62.7833,148.1667,-20.02,99,100,3.0,RU,1707079710
64,laguna de perlas,12.3429,-83.6712,89.69,56,11,9.22,NI,1707079710
65,laojunmiao,39.8333,97.7333,17.31,50,0,1.66,CN,1707079710
66,walvis bay,-22.9575,14.5053,68.95,83,100,0.0,NA,1707079710
67,mil'kovo,55.6078,37.7956,32.43,92,100,13.15,RU,1707079710
68,castillos,-34.1667,-53.8333,71.19,57,6,12.3,UY,1707079711
69,aasiaat,68.7098,-52.8699,-25.1,88,12,4.61,GL,1707079711
70,fort bragg,35.139,-79.006,56.82,40,0,9.22,US,1707079507
71,sur,22.5667,59.5289,69.82,62,24,2.98,OM,1707079711
72,alta,69.9689,23.2717,25.86,74,75,4.61,NO,1707079711
73,kapit,2.0167,112.9333,73.58,98,100,0.67,MY,1707079711
74,susa,35.8254,10.637,55.18,82,2,1.14,TN,1707079711
75,bethel,41.3712,-73.414,44.91,47,0,12.66,US,1707079712
76,talnakh,69.4865,88.3972,-0.8,97,100,6.91,RU,1707079511
77,port saint john's,-31.6229,29.5448,75.09,91,100,7.87,ZA,1707079712
78,santa elena de uairen,4.6167,-61.1333,86.86,34,86,3.94,VE,1707079712
79,kalmunai,7.4167,81.8167,77.4,87,85,3.87,LK,1707079712
80,iskateley,67.6803,53.1512,-2.97,91,90,7.0,RU,1707079712
81,klyuchi,52.2667,79.1667,22.01,91,100,10.18,RU,1707079713
82,turinsk,58.0458,63.696,-9.27,100,100,1.5,RU,1707079713
83,bredasdorp,-34.5322,20.0403,72.03,84,46,4.21,ZA,1707079713
84,arraial do cabo,-22.9661,-42.0278,82.26,78,75,13.8,BR,1707079713
85,yung shue wan,22.2333,114.1167,67.75,92,92,5.86,HK,1707079713
86,whitehorse,60.7161,-135.0538,-14.03,64,75,4.61,CA,1707079713
87,qaqortoq,60.7167,-46.0333,-7.2,68,0,6.11,GL,1707079714
88,san patricio,28.017,-97.5169,77.09,35,0,23.09,US,1707079714
89,ryotsu-minato,38.0833,138.4333,38.12,59,100,5.06,JP,1707079714
90,puerto ayacucho,5.6639,-67.6236,85.71,65,97,6.46,VE,1707079714
91,katsuura,35.1333,140.3,45.12,77,100,10.38,JP,1707079714
92,olonkinbyen,70.9221,-8.7187,21.74,76,100,24.85,SJ,1707079715
93,tolanaro,-25.0319,46.9987,75.27,94,75,18.41,MG,1707079715
94,santa vitoria,-18.8386,-50.1214,77.95,60,93,10.11,BR,1707079715
95,batangafo,7.3008,18.2833,77.94,18,25,5.08,CF,1707079715
96,inari,68.906,27.0288,-1.75,100,86,3.98,FI,1707079715
97,jinghong,21.991,100.7341,55.98,64,0,2.53,CN,1707079716
98,roma,43.2128,-75.4557,41.72,59,20,3.44,US,1707079716
99,aracruz,-19.8203,-40.2733,81.61,81,81,4.03,BR,1707079716
100,caleta de carquin,-11.0925,-77.6267,78.33,74,98,6.98,PE,1707079716
101,ribeira grande,38.5167,-28.7,63.0,94,75,17.0,PT,1707079716
102,ghanzi,-21.5667,21.7833,76.24,49,25,4.0,BW,1707079716
103,puerto ayora,-0.7393,-90.3518,82.36,87,69,8.01,EC,1707079717
104,mariehamn,60.0973,19.9348,31.86,59,0,8.05,AX,1707079717
105,afif,23.9065,42.9172,58.33,21,76,4.97,SA,1707079717
106,urengoy,65.9667,78.3667,-0.62,98,100,5.66,RU,1707079717
107,kodiak,57.79,-152.4072,33.31,86,20,6.91,US,1707079581
108,salinopolis,-0.6136,-47.3561,82.22,78,43,10.71,BR,1707079718
109,lospalos,-8.5186,127.0025,73.38,93,97,3.53,TL,1707079718
110,charlotte,35.2271,-80.8431,54.59,42,75,11.5,US,1707079203
111,margaret river,-33.95,115.0667,55.49,78,59,6.55,AU,1707079455
112,hithadhoo,-0.6,73.0833,82.85,78,67,13.02,MV,1707079718
113,dean funes,-30.4204,-64.3498,87.58,35,21,13.35,AR,1707079719
114,limanowa,49.7059,20.422,45.7,95,100,12.84,PL,1707079719
115,hirara,24.8,125.2833,70.07,88,100,26.46,JP,1707079719
116,lamar,33.6668,-95.5836,57.88,75,100,14.97,US,1707079719
117,guiuan,11.0333,125.7247,79.16,82,16,10.29,PH,1707079719
118,maintirano,-18.0667,44.0167,78.96,88,100,5.61,MG,1707079719
119,zhangye,38.9342,100.4517,21.81,56,0,1.3,CN,1707079719
120,yeppoon,-23.1333,150.7333,74.98,66,84,5.88,AU,1707079720
121,sorong,-0.8833,131.25,80.22,84,100,8.21,ID,1707079720
122,nurota,40.5614,65.6886,34.95,54,100,6.42,UZ,1707079720
123,kone,-21.0595,164.8658,82.31,83,99,6.29,NC,1707079720
124,cabo san lucas,22.8909,-109.9124,77.61,53,0,7.0,MX,1707079721
125,okhotsk,59.3833,143.3,-9.9,78,28,14.76,RU,1707079721
126,pasuquin,18.3328,120.6177,73.35,100,20,2.3,PH,1707079721
127,alegrete,-29.7831,-55.7919,81.72,70,38,15.68,BR,1707079721
128,bikenibeu village,1.3673,173.1241,84.16,84,75,6.91,KI,1707079721
129,petropavl,54.8753,69.1628,20.14,93,100,13.2,KZ,1707079722
130,brisas de zicatela,15.8369,-97.0419,86.52,62,0,17.27,MX,1707079722
131,samarinda,-0.5,117.15,73.06,100,100,1.28,ID,1707079722
132,santiago de cao,-7.9589,-79.2392,78.93,73,40,6.91,PE,1707079722
133,kogalym,62.2654,74.4791,-0.9,96,100,10.49,RU,1707079722
134,hawaiian paradise park,19.5933,-154.9731,73.04,81,100,8.05,US,1707079722
135,hamilton,39.1834,-84.5333,56.8,45,0,13.8,US,1707079475
136,bamboo flat,11.7,92.7167,76.35,72,46,8.72,IN,1707079723
137,east london,-33.0153,27.9116,76.14,79,100,13.2,ZA,1707079723
138,langepas,61.2544,75.2124,4.44,96,100,8.59,RU,1707079723
139,bestobe,52.4994,73.0975,22.66,86,100,18.05,KZ,1707079723
140,nelson bay,-32.7167,152.15,80.65,91,100,10.0,AU,1707079723
141,ivins,37.1686,-113.6794,52.12,55,100,5.99,US,1707079723
142,prokop'yevsk,53.9059,86.719,25.77,86,100,16.62,RU,1707079724
143,college,64.8569,-147.8028,-2.2,71,75,3.44,US,1707079724
144,mount pearl,47.5166,-52.7813,34.14,97,100,24.16,CA,1707079724
145,tomatlan,19.9333,-105.25,93.11,17,0,10.87,MX,1707079724
146,flying fish cove,-10.4217,105.6791,76.68,100,100,3.44,CX,1707079724
147,chonchi,-42.6128,-73.8092,78.01,34,1,3.04,CL,1707079699
148,kwang binh,17.4833,106.6,72.27,87,0,3.0,VN,1707079725
149,sabang,5.8933,95.3214,81.82,78,69,12.44,ID,1707079725
150,sechura,-5.5569,-80.8222,81.93,65,94,16.55,PE,1707079725
151,asadabad,34.7824,48.1185,26.55,81,79,5.46,IR,1707079725
152,villa huidobro,-34.8383,-64.5869,87.6,28,100,13.02,AR,1707079725
153,tazovsky,67.4667,78.7,6.26,96,100,7.31,RU,1707079725
154,al hazm,16.1641,44.7769,70.25,43,7,2.62,YE,1707079726
155,peace river,56.2501,-117.286,25.11,68,20,8.05,CA,1707079726
156,santa cruz,-17.8,-63.1667,96.26,46,40,11.5,BO,1707079463
157,jamestown,42.097,-79.2353,46.04,33,0,11.5,US,1707079559
158,carnarvon,-24.8667,113.6333,73.04,57,1,22.91,AU,1707079726
159,mbabane,-26.3167,31.1333,60.28,98,57,1.54,SZ,1707079476
160,dom pedrito,-30.9828,-54.6731,90.63,48,35,10.0,BR,1707079491
161,corner brook,48.9667,-57.9484,24.96,92,100,13.67,CA,1707079727
162,changli,39.7042,119.1506,26.89,40,100,3.44,CN,1707079727
163,isafjordur,66.0755,-23.124,23.23,85,100,13.38,IS,1707079727
164,greymouth,-42.4667,171.2,63.39,69,95,2.48,NZ,1707079727
165,katsuren-haebaru,26.3369,127.8719,75.97,88,100,36.82,JP,1707079727
166,cabedelo,-6.9811,-34.8339,86.67,71,0,13.18,BR,1707079646
167,anna regina,7.2644,-58.5077,81.66,78,99,9.13,GY,1707079728
168,dawson creek,55.7666,-120.2362,29.84,43,0,6.91,CA,1707079728
169,keflavik,64.0049,-22.5624,23.43,74,75,14.97,IS,1707079728
170,sitka,57.0531,-135.33,37.29,100,100,6.91,US,1707079728
171,richards bay,-28.783,32.0377,73.44,89,79,5.39,ZA,1707079728
172,lebu,-37.6167,-73.65,63.93,70,0,11.65,CL,1707079728
173,leiston,52.2061,1.5776,53.33,82,100,21.83,GB,1707079728
174,wad medani,14.4012,33.5199,74.25,15,15,16.42,SD,1707079729
175,prince george,53.9166,-122.753,26.62,73,0,5.75,CA,1707079729
176,jutai,-5.1833,-68.9,76.86,93,100,2.66,BR,1707079729
177,hinthada,17.6333,95.4667,65.8,46,8,4.68,MM,1707079729
178,south windsor,41.8237,-72.6212,46.22,43,0,6.91,US,1707079729
179,kailua-kona,19.6406,-155.9956,79.5,68,40,6.91,US,1707079514
180,port elizabeth,-33.918,25.5701,71.1,95,0,2.3,ZA,1707079730
181,farsan,32.2569,50.561,21.24,67,1,6.89,IR,1707079730
182,guatire,10.4762,-66.5427,76.82,88,97,2.26,VE,1707079730
183,dudinka,69.4058,86.1778,-0.38,96,99,10.51,RU,1707079730
184,atafu village,-8.5421,-172.5159,84.56,76,97,21.03,TK,1707079730
185,kodinsk,58.6881,99.1844,6.44,97,100,3.67,RU,1707079731
186,beipiao,41.7919,120.7792,16.63,54,100,11.65,CN,1707079731
187,timimoun,29.2639,0.231,54.88,40,20,13.06,DZ,1707079731
188,alesund,62.4723,6.1549,39.76,90,75,12.66,NO,1707079731
189,kurmuk,10.55,34.2833,74.71,33,50,3.74,SD,1707079731
190,newman,37.3138,-121.0208,58.28,90,100,14.0,US,1707079731
191,yuzhno-kurilsk,44.0306,145.8556,24.37,71,86,21.74,RU,1707079731
192,palikir - national government center,6.9248,158.1611,81.12,83,100,25.12,FM,1707079732
193,matale,7.4721,80.6234,69.1,99,99,2.86,LK,1707079732
194,maumere,-8.6199,122.2111,80.02,82,67,2.01,ID,1707079732
195,sisimiut,66.9395,-53.6735,-5.49,95,97,7.29,GL,1707079732
196,baicheng,45.6167,122.8167,7.38,62,100,5.1,CN,1707079732
197,alofi,-19.0595,-169.9187,80.49,89,100,12.66,NU,1707079732
198,kugesi,56.029,47.2925,24.46,93,100,8.95,RU,1707079733
199,tocopilla,-22.092,-70.1979,75.79,69,9,2.57,CL,1707079733
200,usinsk,65.9939,57.5281,-16.92,100,29,3.0,RU,1707079733
201,ta`u,-14.2336,-169.5144,81.05,90,100,31.27,AS,1707079733
202,new norfolk,-42.7826,147.0587,57.92,85,35,2.51,AU,1707079733
203,bet shemesh,31.7496,34.9888,52.57,80,16,4.43,IL,1707079733
204,mournies,35.4764,24.0092,56.82,71,20,14.97,GR,1707079734
205,taitung city,22.7583,121.1444,72.54,74,19,7.23,TW,1707079734
206,nizhneudinsk,54.9076,99.0276,3.81,92,68,3.78,RU,1707079734
207,coquimbo,-29.9533,-71.3436,74.93,60,75,12.66,CL,1707079734
208,pemangkat,1.1667,108.9667,78.46,87,100,4.52,ID,1707079734
209,dunedin,-45.8742,170.5036,71.08,70,25,3.0,NZ,1707079467
210,kavaratti,10.5669,72.642,81.75,72,33,10.76,IN,1707079734
211,kiruna,67.8557,20.2251,16.72,93,100,4.61,SE,1707079735
212,ebon,4.582,168.6964,82.83,69,100,20.74,MH,1707079735
213,shubarkuduk,49.1447,56.4872,32.99,97,100,27.13,KZ,1707079735
214,mahibadhoo,3.7833,72.9667,82.26,73,95,17.96,MV,1707079735
215,valley city,46.9233,-98.0032,32.52,100,100,0.0,US,1707079735
216,itaituba,-4.2761,-55.9836,84.36,79,75,3.44,BR,1707079735
217,filadelfia,39.9523,-75.1638,51.15,45,0,6.91,US,1707079736
218,angaur state,6.906,134.13,81.59,83,86,17.92,PW,1707079736
219,ramhormoz,31.28,49.6035,52.25,49,0,3.71,IR,1707079736
220,conde,-7.2597,-34.9075,85.46,66,20,11.5,BR,1707079736
221,hermanus,-34.4187,19.2345,69.8,88,4,1.54,ZA,1707079736
222,ad darb,17.7229,42.2526,76.28,71,1,7.05,SA,1707079736
223,rio grande,-32.035,-52.0986,86.11,85,49,15.39,BR,1707079690
224,velikiye luki,56.34,30.5452,26.56,93,73,5.66,RU,1707079737
225,mtambile,-5.3833,39.7,81.57,75,100,9.22,TZ,1707079737
226,bilibino,68.0546,166.4372,-24.68,82,14,5.19,RU,1707079737
227,kerikeri,-35.2268,173.9474,65.91,79,1,2.98,NZ,1707079737
228,tucuma,-0.1833,-50.05,82.94,75,83,7.9,BR,1707079737
229,salta,-24.7859,-65.4117,81.19,69,40,12.66,AR,1707079735
230,punta arenas,-53.15,-70.9167,71.71,53,75,13.8,CL,1707079643
231,ambon,-3.6954,128.1814,80.08,14,40,3.44,ID,1707079738
232,port lincoln,-34.7333,135.8667,63.05,62,99,16.69,AU,1707079738
233,namibe,-15.1961,12.1522,78.93,80,97,5.23,AO,1707079738
234,balabac,7.9868,117.0645,80.78,79,66,13.91,PH,1707079738
235,el idrissia,34.4454,2.5275,48.99,42,0,6.96,DZ,1707079738
236,egilsstadir,65.2653,-14.3948,15.71,86,40,3.44,IS,1707079738
237,hilo,19.7297,-155.09,73.26,83,100,8.05,US,1707079738
238,myrina,39.8797,25.0742,49.24,76,20,0.0,GR,1707079739
239,igarka,67.4667,86.5833,5.02,96,100,9.44,RU,1707079739
240,inirida,3.8653,-67.9239,90.25,54,60,2.06,CO,1707079739
241,ancud,-41.8697,-73.8203,63.7,65,20,9.1,CL,1707079739
242,georgetown,5.4112,100.3354,81.95,83,20,3.44,MY,1707079609
243,majie,25.0333,102.6361,46.38,66,0,6.71,CN,1707079739
244,naryn,41.4287,75.9911,1.83,71,43,8.68,KG,1707079739
245,chilecito,-29.1619,-67.4974,90.23,32,66,7.58,AR,1707079740
246,sao joao da barra,-21.6403,-41.0511,84.29,87,100,9.46,BR,1707079740
247,copiapo,-27.3667,-70.3333,74.89,47,98,7.7,CL,1707079656
248,guerrero negro,27.9769,-114.0611,67.03,46,0,7.52,MX,1707079740
249,cockburn town,21.4612,-71.1419,78.76,65,75,17.27,TC,1707079740
250,karatas,36.582,35.3701,53.74,75,100,9.01,TR,1707079740
251,charters towers,-20.1,146.2667,76.05,79,100,8.9,AU,1707079741
252,navirai,-23.065,-54.1906,90.18,36,78,10.29,BR,1707079741
253,nemuro,43.3236,145.575,19.38,72,19,13.62,JP,1707079741
254,vorkuta,67.5,64.0,2.59,94,100,1.19,RU,1707079741
255,horta,38.5333,-28.6333,62.24,94,75,18.01,PT,1707079488
256,guixi,28.2886,117.2133,37.54,89,100,3.83,CN,1707079741
257,januaria,-15.4833,-44.3667,80.67,60,99,2.21,BR,1707079742
258,tofol,5.3248,163.0078,82.06,81,97,25.48,FM,1707079742
259,camana,-16.6228,-72.7111,76.46,81,63,5.14,PE,1707079742
260,belokurikha,51.9959,84.9896,25.32,83,100,4.59,RU,1707079742
261,ridder,50.355,83.5133,20.1,84,100,5.93,KZ,1707079742
262,flin flon,54.7682,-101.865,21.04,86,100,4.61,CA,1707079742
263,la passe,45.5549,-0.8967,46.63,90,97,5.23,FR,1707079743
264,cavalaire-sur-mer,43.174,6.5272,44.42,84,12,1.32,FR,1707079743
265,badger,64.8,-147.5333,-2.29,69,100,3.44,US,1707079743
266,malvan,16.0667,73.4667,76.15,71,0,7.25,IN,1707079743
267,fort st. john,56.2499,-120.8529,28.29,50,20,0.0,CA,1707079549
268,at taraf,25.3628,49.725,55.94,58,62,5.48,SA,1707079743
269,uturoa,-16.7333,-151.4333,81.37,80,100,15.41,PF,1707079744
270,puruaran,19.1,-101.5333,84.79,19,0,3.98,MX,1707079744
271,villa dolores,-31.9459,-65.1896,91.87,35,93,8.19,AR,1707079744
272,vadso,70.0744,29.7487,23.16,74,75,19.57,NO,1707079744
273,codrington,-38.2667,141.9667,61.07,68,91,13.38,AU,1707079745
274,tambura,5.6,27.4667,76.08,29,92,4.54,SS,1707079745
275,bengkulu,-3.8004,102.2655,76.57,90,100,3.67,ID,1707079745
276,bosaso,11.2842,49.1816,76.66,78,27,5.44,SO,1707079745
277,belo sur tsiribihina,-19.7,44.55,74.41,96,97,4.68,MG,1707079745
278,dambulla,7.86,80.6517,71.08,98,97,3.47,LK,1707079746
279,badagara,11.6,75.5833,75.87,82,52,4.88,IN,1707079746
280,vangaindrano,-23.35,47.6,73.99,90,100,3.83,MG,1707079746
281,otacilio costa,-27.4831,-50.1219,74.32,64,84,0.11,BR,1707079746
282,westport,41.1415,-73.3579,46.17,41,0,14.97,US,1707079746
283,puerto madero,14.7208,-92.4215,83.68,66,5,18.07,MX,1707079746
284,isangel,-19.55,169.2667,80.71,89,75,9.22,VU,1707079747
285,margate,51.3813,1.3862,51.87,80,100,11.01,GB,1707079351
286,tralee,52.2704,-9.7026,50.47,89,98,11.99,IE,1707079747
287,hobyo,5.3505,48.5268,78.13,78,42,17.58,SO,1707079616
288,port-vila,-17.7338,168.3219,80.2,94,75,1.14,VU,1707079747
289,irece,-11.3042,-41.8558,80.69,48,36,15.59,BR,1707079747
290,joshimath,30.5667,79.5667,39.67,94,98,3.09,IN,1707079747
291,rio de janeiro,-22.9028,-43.2075,82.35,85,75,18.41,BR,1707079681
292,cudillero,43.5622,-6.1459,53.91,93,0,0.0,ES,1707079748
293,mount gambier,-37.8333,140.7667,58.57,69,60,7.25,AU,1707079748
294,pontes e lacerda,-15.2261,-59.3353,83.75,57,100,4.99,BR,1707079748
295,conception bay south,47.4999,-52.9981,34.75,97,100,24.16,CA,1707079748
296,kapuskasing,49.4169,-82.4331,41.09,52,20,9.22,CA,1707079748
297,kununurra,-15.7667,128.7333,80.58,94,68,1.14,AU,1707079582
298,vilyuchinsk,52.9306,158.4028,8.92,78,98,8.97,RU,1707079749
299,byron bay,-28.65,153.6167,77.7,68,87,6.4,AU,1707079749
300,manokwari,-0.8667,134.0833,78.17,81,97,4.38,ID,1707079749
301,wynyard,-41.0,145.7167,63.64,76,77,9.95,AU,1707079749
302,colonia,50.9333,6.95,52.83,87,75,18.41,DE,1707079750
303,adrar,20.5022,-10.0711,65.97,10,84,12.64,MR,1707079750
304,carutapera,-1.195,-46.02,81.55,77,18,8.68,BR,1707079750
305,enewetak,11.3474,162.3373,79.81,75,100,21.23,MH,1707079750
306,at-bashi,41.1702,75.8106,1.99,75,41,2.82,KG,1707079750
307,tura,25.5198,90.2201,55.65,43,34,3.49,IN,1707079750
308,mount isa,-20.7333,139.5,76.77,78,35,6.91,AU,1707079751
309,sao sepe,-30.1606,-53.5653,75.78,70,67,5.57,BR,1707079751
310,kibuye,-2.0597,29.3482,66.31,81,100,3.69,RW,1707079751
311,pandan,14.0453,124.1694,75.94,83,28,8.99,PH,1707079751
312,emerald,-23.5333,148.1667,73.35,88,100,9.01,AU,1707079752
313,khandyga,62.6667,135.6,-46.89,100,72,1.52,RU,1707079752
314,cedeira,43.6797,-8.0209,53.38,79,96,3.94,ES,1707079752
315,tambopata,-12.7333,-69.1833,89.49,66,0,3.44,PE,1707079752
316,broome,42.2506,-75.833,42.69,43,0,6.91,US,1707079752
317,salalah,17.0151,54.0924,78.89,31,0,4.61,OM,1707079752
318,tadine,-21.55,167.8833,80.29,87,100,17.85,NC,1707079753
319,anahuac,27.2333,-100.15,77.95,11,0,20.47,MX,1707079753
320,sayat,38.7839,63.8803,33.67,58,68,9.78,TM,1707079753
321,nar'yan-mar,67.6713,53.087,-2.88,91,87,7.0,RU,1707079753
322,ghadamis,30.1337,9.5007,54.21,52,0,8.61,LY,1707079753
323,remire-montjoly,4.9167,-52.2667,86.04,74,0,14.97,GF,1707079753
324,nouadhibou,20.931,-17.0347,75.18,33,13,9.22,MR,1707079754
325,leticia,-4.2153,-69.9406,78.85,94,40,2.3,CO,1707079754
326,huatabampo,26.8333,-109.6333,78.6,22,0,11.61,MX,1707079729
327,mont-dore,-22.2833,166.5833,82.99,99,100,9.53,NC,1707079754
328,hasaki,35.7333,140.8333,36.0,61,100,8.37,JP,1707079754
329,khor,47.8861,134.9464,-18.53,100,86,2.91,RU,1707079754
330,cuatro cienegas de carranza,26.9833,-102.0833,72.43,11,0,19.44,MX,1707079579
331,kirakira,-10.4544,161.9205,82.49,83,67,10.71,SB,1707079755
332,englewood,39.6478,-104.9878,45.82,75,20,3.44,US,1707079529
333,maigo,8.1613,123.9583,77.14,91,35,4.18,PH,1707079755
334,klaksvik,62.2266,-6.589,34.72,65,96,10.4,FO,1707079755
335,keelung,25.1283,121.7419,64.99,87,94,7.76,TW,1707079755
336,fabens,31.5023,-106.1586,58.32,24,0,14.85,US,1707079756
337,haiku-pauwela,20.9219,-156.3051,73.26,73,40,14.0,US,1707079756
338,puerto baquerizo moreno,-0.9,-89.6,81.59,78,75,13.8,EC,1707079756
339,sosnovo-ozerskoye,52.5249,111.5418,-13.5,99,100,1.5,RU,1707079756
340,eyl,7.9803,49.8164,77.92,66,38,16.64,SO,1707079534
341,pacific,38.482,-90.7415,56.35,66,100,5.01,US,1707079757
342,sao borja,-28.6606,-56.0044,90.95,45,10,4.83,BR,1707079757
343,zyryanovsk,49.7386,84.2719,9.01,92,100,0.83,KZ,1707079757
344,gracemere,-23.4333,150.45,75.11,83,73,4.61,AU,1707079757
345,greenville,35.6127,-77.3663,55.44,43,0,8.05,US,1707079758
346,howrah,22.5892,88.3103,64.4,77,1,0.0,IN,1707079758
347,erenhot,43.6475,111.9767,9.01,97,100,5.41,CN,1707079758
348,berezovyy,51.6667,135.7,-9.67,95,5,3.02,RU,1707079758
349,ambodifotatra,-16.9833,49.85,79.54,81,100,8.75,MG,1707079758
350,tangalle,6.024,80.7911,75.42,89,100,10.36,LK,1707079758
351,bargaal,11.2864,51.0773,75.81,79,10,6.89,SO,1707079759
352,sangamner,19.5667,74.2167,71.24,44,0,5.19,IN,1707079759
353,skeldon,5.8833,-57.1333,83.17,73,78,9.51,GY,1707079759
354,trairi,-3.2778,-39.2689,81.91,75,68,12.57,BR,1707079692
355,santa ana,33.7456,-117.8678,64.09,63,75,14.97,US,1707079559
356,swift current,50.2834,-107.8014,32.81,100,100,10.36,CA,1707079759
357,bismarck,46.8083,-100.7837,39.04,93,100,5.75,US,1707079501
358,caiaponia,-16.9567,-51.8103,68.38,93,100,5.35,BR,1707079760
359,la plata,-34.9215,-57.9545,75.81,48,8,17.72,AR,1707079500
360,kayangel,8.0823,134.7173,81.79,79,86,18.39,PW,1707079760
361,grand-bassam,5.2118,-3.7388,84.16,83,34,7.74,CI,1707079760
362,tsiombe,-25.3,45.4833,74.79,89,100,5.19,MG,1707079761
363,ayapel,8.3137,-75.1398,91.27,54,92,3.33,CO,1707079761
364,kimbe,-5.5502,150.1429,78.98,91,94,1.9,PG,1707079761
365,christchurch,-43.5333,172.6333,77.41,53,25,4.61,NZ,1707079761
366,puerto real,36.5282,-6.1901,56.25,82,0,2.3,ES,1707079761
367,arkhangel'sk,64.5401,40.5433,17.71,86,100,15.66,RU,1707079761
368,lorengau,-2.0226,147.2712,83.1,79,98,4.14,PG,1707079762
369,toba,34.4833,136.85,44.1,67,83,3.0,JP,1707079762
370,pisco,-13.7,-76.2167,82.45,61,0,17.27,PE,1707079762
371,san antonio,29.4241,-98.4936,72.27,33,0,28.77,US,1707079762
372,merizo village,13.2658,144.6691,79.36,83,95,21.36,GU,1707079762
373,piritiba,-11.7303,-40.5553,77.7,63,100,3.56,BR,1707079763
374,cochin,9.9399,76.2602,78.78,85,92,4.21,IN,1707079763
375,kingston,17.997,-76.7936,85.21,71,75,9.22,JM,1707079763
376,montalvo,-1.8,-79.3333,84.76,79,83,1.63,EC,1707079763
377,ulladulla,-35.35,150.4667,73.76,77,100,5.73,AU,1707079763
378,nyrob,60.733,56.7202,4.48,91,97,5.53,RU,1707079764
379,cabugao,17.7931,120.4578,73.26,87,4,5.66,PH,1707079764
380,cooper's town,26.8667,-77.5167,69.12,84,100,19.33,BS,1707079764
381,fale old settlement,-9.3852,-171.2468,84.87,76,100,24.94,TK,1707079764
382,esil,51.9556,66.4042,26.24,93,100,17.58,KZ,1707079764
383,north kingstown,41.5501,-71.4662,43.81,38,0,13.8,US,1707079765
384,sulak,43.2734,47.5146,45.12,80,44,8.1,RU,1707079765
385,pacific grove,36.6177,-121.9166,60.08,86,100,8.99,US,1707079548
386,antananarivo,-18.9137,47.5361,66.16,100,75,6.91,MG,1707079765
387,salem,11.65,78.1667,68.22,84,76,4.41,IN,1707079765
388,bandar,2.05,99.75,73.13,98,97,2.19,ID,1707079766
389,kruisfontein,-34.0033,24.7314,68.88,74,34,4.0,ZA,1707079766
390,vigan,17.5747,120.3869,74.84,85,4,7.96,PH,1707079766
391,general acha,-37.377,-64.6043,91.96,12,5,18.88,AR,1707079766
392,yeniseysk,58.4497,92.1703,19.94,96,100,5.99,RU,1707079766
393,siguiri,11.6667,-9.5,83.01,15,19,3.11,GN,1707079766
394,bakhmach,51.1808,32.7569,35.83,84,100,16.26,UA,1707079767
395,saint-pierre,-21.3393,55.4781,71.28,78,0,4.61,RE,1707079767
396,toamasina,-18.1667,49.3833,77.0,94,75,4.61,MG,1707079767
397,palapye,-22.546,27.1251,80.04,38,57,2.17,BW,1707079767
398,porto novo,6.4965,2.6036,78.48,79,49,6.93,BJ,1707079767
399,grand falls-windsor,48.9332,-55.6649,32.5,94,100,8.01,CA,1707079767
400,penzance,50.1186,-5.5371,50.68,87,66,19.89,GB,1707079768
401,gadzhiyevo,69.2551,33.3362,10.63,85,100,15.86,RU,1707079768
402,nuuk,64.1835,-51.7216,12.81,67,75,12.66,GL,1707079768
403,suances,43.4334,-4.0434,52.99,100,11,0.0,ES,1707079768
404,cascais,38.6979,-9.4215,59.5,82,100,5.99,PT,1707079768
405,kabompo,-13.5927,24.2008,66.06,95,95,3.98,ZM,1707079769
406,kem',64.9555,34.5793,14.94,93,100,13.15,RU,1707079769
407,wotho,10.1657,166.0102,80.15,70,100,19.73,MH,1707079769
408,kilindoni,-7.9139,39.6668,82.94,75,100,13.24,TZ,1707079769
409,vilhena,-12.7406,-60.1458,74.61,87,76,5.5,BR,1707079769
410,jawf al maqbabah,13.8378,45.8349,65.71,86,27,2.1,YE,1707079769
411,mantyharju,61.4167,26.8833,28.51,95,100,7.31,FI,1707079770
412,nizhniy kuranakh,58.8353,125.4869,-28.5,99,90,2.37,RU,1707079770
413,carencro,30.3171,-92.049,68.95,76,40,4.61,US,1707079770
414,igrim,63.1906,64.4162,-13.79,100,90,4.68,RU,1707079770
415,askoy,60.4092,5.226,37.76,93,40,18.41,NO,1707079771
416,kuala terengganu,5.3302,103.1408,75.15,94,20,2.3,MY,1707079771
417,ierapetra,35.01,25.7353,54.14,72,9,4.0,GR,1707079771
418,arnprior,45.4334,-76.3494,35.65,87,99,3.67,CA,1707079771
419,banikoara,11.2985,2.4386,77.34,14,42,6.4,BJ,1707079771
420,east ballina,-28.8667,153.5833,77.79,68,71,7.99,AU,1707079772
421,cobija,-11.0267,-68.7692,91.58,62,40,3.44,BO,1707079772
422,rio cuarto,-33.1307,-64.3499,64.17,88,75,3.44,AR,1707079772
423,puerto deseado,-47.7503,-65.8938,82.33,32,93,27.16,AR,1707079705
424,aconibe,1.2968,10.9369,72.9,87,93,3.06,GQ,1707079772
425,altamont,42.2068,-121.7372,32.77,93,100,13.0,US,1707079772
426,aykhal,66.0,111.5,-20.58,97,83,7.11,RU,1707079773
427,hawera,-39.5917,174.2833,65.98,68,1,11.27,NZ,1707079773
428,crane,31.3974,-102.3501,62.11,14,0,27.58,US,1707079773
429,upington,-28.4478,21.2561,86.38,30,38,11.5,ZA,1707079773
430,ust-nera,64.5667,143.2,-23.44,96,97,4.14,RU,1707079773
431,taoyuan city,24.9937,121.297,66.97,83,75,3.44,TW,1707079774
432,egersund,58.4513,5.9997,41.09,76,100,25.5,NO,1707079587
433,suomussalmi,64.8869,28.9078,18.37,93,100,11.77,FI,1707079774
434,lamu,-2.2717,40.902,80.55,84,11,13.56,KE,1707079774
435,udgir,18.3833,77.1167,72.25,39,0,3.09,IN,1707079774
436,ouadda,8.0777,22.4007,71.65,26,25,5.97,CF,1707079774
437,diourbel,14.6628,-16.3925,77.94,13,20,12.64,SN,1707079775
438,sokoto,13.0609,5.239,73.94,14,36,14.65,NG,1707079775
439,orchard homes,46.8633,-114.0484,36.59,83,100,10.36,US,1707079775
440,mantua,45.1667,10.7833,47.08,95,100,3.09,IT,1707079775
441,minas de marcona,-15.2119,-75.1103,71.44,73,58,10.76,PE,1707079775
442,taixing,32.1667,120.0136,31.05,90,85,12.77,CN,1707079776
443,revda,56.801,59.9303,-1.03,100,92,3.29,RU,1707079776
444,kyakhta,50.3508,106.4494,0.34,98,100,1.28,RU,1707079776
445,mont-laurier,46.5501,-75.4993,33.42,86,99,3.56,CA,1707079629
446,touros,-5.1989,-35.4608,81.79,71,2,15.05,BR,1707079776
447,al ghayzah,16.2079,52.176,74.62,66,3,4.52,YE,1707079776
448,urucara,-2.5364,-57.76,86.63,65,96,1.43,BR,1707079777
449,waingapu,-9.6567,120.2641,79.09,85,100,8.3,ID,1707079777
450,antsiranana,-12.2787,49.2917,76.55,91,100,4.12,MG,1707079565
451,labasa,-16.4167,179.3833,82.8,73,92,4.92,FJ,1707079777
452,portland,45.5234,-122.6762,57.36,66,20,5.75,US,1707079387
453,glace bay,46.1969,-59.957,32.45,98,100,21.85,CA,1707079778
454,berdigestyakh,62.0989,126.6992,-31.85,100,92,2.28,RU,1707079778
455,ciudad lazaro cardenas,17.9583,-102.2,81.1,56,0,13.09,MX,1707079512
456,weyburn,49.6668,-103.8511,37.62,93,100,11.5,CA,1707079505
457,kissidougou,9.1848,-10.0999,79.48,20,90,1.9,GN,1707079778
458,patacamaya,-17.2333,-67.9167,62.46,29,52,11.41,BO,1707079779
459,gebeit,21.0667,36.3167,57.52,68,69,3.09,SD,1707079779
460,north bend,43.4065,-124.2243,51.17,62,20,6.91,US,1707079779
461,ngardmau,7.6099,134.5744,80.98,80,100,17.45,PW,1707079779
462,kastsyukovichy,53.3516,32.0506,32.05,99,100,10.58,BY,1707079779
463,krasnovishersk,60.4078,57.082,2.25,93,95,4.12,RU,1707079780
464,pariaman,-0.619,100.12,77.05,85,79,4.03,ID,1707079780
465,haimen,23.1935,116.6142,64.29,94,26,5.06,CN,1707079780
466,boguchany,58.3814,97.4531,12.4,97,100,3.96,RU,1707079780
467,fredonia,42.4401,-79.3317,48.07,67,0,6.91,US,1707079780
468,el calafate,-50.3408,-72.2768,67.62,45,83,17.65,AR,1707079705
469,pasni,25.2631,63.471,71.11,55,1,8.08,PK,1707079781
470,lazaro cardenas,17.9583,-102.2,81.1,56,0,13.09,MX,1707079512
471,sydney,-33.8679,151.2073,81.7,82,0,5.75,AU,1707079756
472,kostanay,53.1667,63.5833,23.29,93,100,17.9,KZ,1707079623
473,healesville,-37.65,145.5167,70.77,87,99,0.76,AU,1707079781
474,dharamsala,32.2419,76.3213,33.46,75,19,9.31,IN,1707079781
475,alice springs,-23.7,133.8833,83.75,33,37,9.22,AU,1707079697
476,thaba-tseka,-29.522,28.6084,59.59,69,89,1.72,LS,1707079782
477,papao,-17.75,-149.55,85.68,82,99,14.9,PF,1707079782
478,luwingu,-10.2621,29.9271,64.58,95,81,2.62,ZM,1707079782
479,ryl'sk,51.5655,34.6822,31.32,93,63,11.25,RU,1707079782
480,praia da vitoria,38.7333,-27.0667,63.75,94,75,12.66,PT,1707079628
481,ust-tsilma,65.441,52.1498,-3.77,93,44,5.84,RU,1707079782
482,yaren,-0.5472,166.916,84.4,76,99,15.17,NR,1707079783
483,boa vista,2.8197,-60.6733,98.58,28,40,8.05,BR,1707079783
484,obock,12.25,43.0833,69.12,82,87,6.29,DJ,1707079783
485,axim,4.8699,-2.2405,80.83,82,85,7.07,GH,1707079783
486,zychlin,52.244,19.6261,43.52,76,100,24.9,PL,1707079783
487,oudtshoorn,-33.5907,22.2014,64.76,54,0,2.86,ZA,1707079783
488,jiangyou,31.7667,104.7167,40.51,82,100,1.16,CN,1707079784
489,port isabel,26.0734,-97.2086,83.05,15,0,19.57,US,1707079784
490,finale ligure,44.1695,8.3436,58.95,81,50,4.0,IT,1707079784
491,mirny,62.5353,113.9611,-22.77,67,100,2.66,RU,1707079784
492,kristiansund,63.1115,7.732,32.05,93,75,5.75,NO,1707079784
493,la cruz,23.9167,-106.9,76.41,40,0,13.44,MX,1707079784
494,necochea,-38.5473,-58.7368,67.84,52,11,17.63,AR,1707079785
495,dickinson,29.4608,-95.0513,71.02,43,0,17.27,US,1707079512
496,qacha's nek,-30.1154,28.6894,58.78,77,79,1.05,LS,1707079785
497,silvania,-16.6589,-48.6081,65.57,92,100,4.34,BR,1707079785
498,sarakhs,36.5449,61.1577,43.95,52,24,9.93,IR,1707079785
499,kourou,5.1552,-52.6478,86.05,80,100,8.66,GF,1707079786
500,island harbour,50.724,-1.2758,51.31,92,82,10.0,GB,1707079786
501,shahpur,16.7,76.8333,74.89,55,0,7.87,IN,1707079786
502,haukipudas,65.1765,25.3523,23.14,100,100,9.91,FI,1707079786
503,ceylanpinar,36.8472,40.05,42.04,90,98,5.73,TR,1707079786
504,sittwe,20.15,92.9,64.51,57,1,8.95,MM,1707079786
505,saint-philippe,-21.3585,55.7679,71.19,73,43,7.18,RE,1707079787
506,kupang,-10.1667,123.5833,79.38,100,75,4.61,ID,1707079787
507,raikot,30.65,75.6,48.63,97,7,3.94,IN,1707079787
508,zell am see,47.3256,12.7944,40.55,83,42,5.14,AT,1707079787
509,myslakowice,50.8412,15.7789,39.9,99,100,10.42,PL,1707079787
510,lihue,21.9789,-159.3672,73.36,62,75,19.57,US,1707079578
511,serro,-18.6047,-43.3794,70.7,90,100,2.91,BR,1707079788
512,paidha,2.4167,30.9855,70.9,50,99,3.85,UG,1707079788
513,guaruja,-23.9931,-46.2564,75.88,26,75,6.91,BR,1707079788
514,bazarak,35.3129,69.5152,14.95,68,4,9.37,AF,1707079788
515,simanggang,1.2472,111.4528,77.02,94,100,0.0,MY,1707079788
516,basco,20.4487,121.9702,77.67,90,56,12.73,PH,1707079788
517,kunshan,31.3776,120.9543,35.49,85,100,13.13,CN,1707079788
518,woolgoolga,-30.1106,153.2007,78.67,83,78,10.25,AU,1707079789
519,puerto aysen,-45.4,-72.7,71.56,56,6,5.88,CL,1707079789
520,contamana,-7.3333,-75.0167,90.18,53,100,2.71,PE,1707079789
521,brookings,44.3114,-96.7984,38.17,93,100,6.91,US,1707079513
522,kudahuvadhoo,2.6708,72.8944,82.08,77,58,17.09,MV,1707079789
523,batroun,34.2553,35.6581,53.62,71,80,15.86,LB,1707079789
524,san blas,21.5167,-105.2667,87.69,38,0,11.72,MX,1707079650
525,fort mcmurray,56.7268,-111.381,15.39,79,0,4.61,CA,1707079540
526,sarkhej,22.9833,72.5,71.73,73,20,0.0,IN,1707079790
527,hauterive,46.0901,3.4459,38.98,91,50,1.5,FR,1707079790
528,chiredzi,-21.05,31.6667,72.59,70,1,4.59,ZW,1707079790
529,ciudad bolivar,8.1222,-63.5497,100.87,24,82,6.08,VE,1707079790
530,carauari,-4.8828,-66.8958,75.43,95,100,2.64,BR,1707079790
531,jinchang,38.4953,102.1739,18.18,62,0,4.14,CN,1707079791
532,vallenar,-28.5708,-70.7581,73.6,41,79,9.08,CL,1707079791
533,cuenca,-2.8833,-78.9833,68.13,60,75,5.75,EC,1707079791
534,al jahra',29.3375,47.6581,58.62,42,15,2.19,KW,1707079791
535,vanino,49.0869,140.2543,-2.07,91,10,5.39,RU,1707079791
536,medicine hat,50.0501,-110.6683,28.22,91,100,8.05,CA,1707079561
537,kongolo,-5.3833,27.0,72.3,87,100,0.58,CD,1707079791
538,imbituba,-28.24,-48.6703,80.85,76,12,5.79,BR,1707079792
539,yvetot,49.6174,0.7581,50.77,91,83,14.94,FR,1707079792
540,tarrafal,15.2833,-23.7667,75.99,70,0,10.25,CV,1707079792
541,quetigny,47.3167,5.1167,42.46,91,17,2.98,FR,1707079792
542,quellon,-43.1167,-73.6167,66.54,49,0,4.9,CL,1707079792
543,ibotirama,-12.1853,-43.2206,83.37,53,45,4.41,BR,1707079792
544,saint-joseph,-21.3667,55.6167,70.18,73,18,7.85,RE,1707079793
545,fort scott,37.8398,-94.7083,43.38,88,100,13.15,US,1707079681
546,vila franca do campo,37.7167,-25.4333,64.89,99,12,7.4,PT,1707079793
547,puerto armuelles,8.2833,-82.8667,87.78,68,70,5.01,PA,1707079793
548,hastings,50.8552,0.5729,51.98,46,93,23.53,GB,1707079793
549,cill airne,52.05,-9.5167,50.92,87,99,9.71,IE,1707079793
550,murghob,38.1702,73.9667,-6.21,82,7,5.91,TJ,1707079793
551,gobabis,-22.45,18.9667,79.09,39,100,7.2,NA,1707079794
552,uliastay,47.7417,96.8444,-11.43,85,9,6.46,MN,1707079794
553,keetmanshoop,-26.5833,18.1333,86.92,26,71,12.66,NA,1707079794
554,robertsport,6.7533,-11.3686,81.16,86,93,10.45,LR,1707079794
555,"laikit, laikit ii (dimembe)",1.4792,124.9735,68.85,100,20,1.14,ID,1707079794
556,arar,30.9753,41.0381,51.82,50,0,6.91,SA,1707079794
557,chibougamau,49.9168,-74.3659,22.62,74,0,2.3,CA,1707079795
558,novodvinsk,64.4165,40.8122,17.35,93,100,9.28,RU,1707079795
559,goz beida,13.95,20.55,72.03,18,81,9.48,TD,1707079795
560,ribadesella,43.4614,-5.0596,50.95,85,8,3.02,ES,1707079795
561,tual,-5.6667,132.75,83.97,76,100,12.46,ID,1707079795
562,saquarema,-22.92,-42.5103,82.44,88,100,10.94,BR,1707079795
563,severo-yeniseyskiy,60.3725,93.0408,-0.27,98,100,3.94,RU,1707079796
564,miles city,46.4083,-105.8406,43.77,75,100,5.75,US,1707079796
565,la libertad,-2.2333,-80.9,87.46,66,75,13.8,EC,1707079796
